{
    "providers": {
        "awscloudformation": {
            "AuthRoleName": "amplify-savethebird2-birddb-170827-authRole",
            "UnauthRoleArn": "arn:aws:iam::515432328429:role/amplify-savethebird2-birddb-170827-unauthRole",
            "AuthRoleArn": "arn:aws:iam::515432328429:role/amplify-savethebird2-birddb-170827-authRole",
            "Region": "ap-southeast-2",
            "DeploymentBucketName": "amplify-savethebird2-birddb-170827-deployment",
            "UnauthRoleName": "amplify-savethebird2-birddb-170827-unauthRole",
            "StackName": "amplify-savethebird2-birddb-170827",
            "StackId": "arn:aws:cloudformation:ap-southeast-2:515432328429:stack/amplify-savethebird2-birddb-170827/8b3a6f30-f4d7-11ea-8c3b-02b29958142e",
            "AmplifyAppId": "d29ntnx4zz85bx"
        }
    }
}